suck,race_id,season,round,circuitId,dnf,Finished,Disqualified,Accident,Collision,Engine,Gearbox,Transmission,Clutch,Hydraulics,Electrical,Spunoff,Radiator,Suspension,Brakes,Differential,Overheating,Mechanical,Tyre,DriverSeat,Puncture,Driveshaft,Lap1,Laps2,Laps3,Laps4,Laps5,Laps6,Laps7,Laps8,Laps9
0,0,2008,1,albert_park,14,5,1,1,7,3,0,1,1,1,1,0,0,0,0,0,0,0,0,0,0,0,1,0,0,0,0,0,0,0,0
1,1,2008,2,sepang,5,11,0,0,1,1,0,0,0,1,0,2,0,0,0,0,0,0,0,0,0,0,4,2,0,0,0,0,0,0,0
2,2,2008,3,bahrain,3,11,0,0,1,1,1,0,0,0,0,0,0,0,0,0,0,0,0,0,0,0,7,1,0,0,0,0,0,0,0
3,3,2008,4,catalunya,9,9,0,1,5,2,0,0,0,0,0,0,1,0,0,0,0,0,0,0,0,0,4,0,0,0,0,0,0,0,0
4,4,2008,5,istanbul,3,10,0,0,2,0,0,0,0,0,0,0,0,1,0,0,0,0,0,0,0,0,7,0,0,0,0,0,0,0,0
5,5,2008,6,monaco,6,9,0,3,2,0,1,0,0,0,0,0,0,0,0,0,0,0,0,0,0,0,4,0,0,1,0,0,0,0,0
6,6,2008,7,villeneuve,7,12,0,1,2,0,1,0,0,0,0,2,0,0,1,0,0,0,0,0,0,0,1,0,0,0,0,0,0,0,0
7,7,2008,8,magny_cours,1,13,0,0,1,0,0,0,0,0,0,0,0,0,0,0,0,0,0,0,0,0,6,0,0,0,0,0,0,0,0
8,8,2008,9,silverstone,7,3,0,0,2,0,0,0,0,0,0,5,0,0,0,0,0,0,0,0,0,0,9,1,0,0,0,0,0,0,0
9,9,2008,10,hockenheimring,3,16,0,0,1,1,0,0,0,0,0,0,0,1,0,0,0,0,0,0,0,0,1,0,0,0,0,0,0,0,0
10,10,2008,11,hungaroring,2,11,0,0,0,1,0,0,0,0,0,0,0,0,1,0,1,0,0,0,0,0,4,1,1,0,0,0,0,0,0
11,11,2008,12,valencia,3,11,0,1,1,1,0,0,0,0,0,0,0,0,0,0,0,0,0,0,0,0,6,0,0,0,0,0,0,0,0
12,12,2008,13,spa,2,9,0,0,0,0,2,0,0,0,0,2,0,0,0,0,0,0,0,0,0,0,7,0,0,0,0,0,0,0,0
13,13,2008,14,monza,1,15,0,1,0,0,0,0,0,0,0,0,0,0,0,0,0,0,0,0,0,0,3,1,0,0,0,0,0,0,0
14,14,2008,15,marina_bay,5,14,0,3,0,0,0,1,0,1,0,0,0,0,0,0,0,1,0,0,0,0,0,0,0,0,0,0,0,0,0
15,15,2008,16,fuji,5,12,0,0,1,1,1,0,0,0,0,0,0,0,0,0,0,0,1,1,0,0,3,0,0,0,0,0,0,0,0
16,16,2008,17,shanghai,3,14,0,0,1,1,0,0,0,1,0,0,0,0,0,0,0,0,0,0,0,0,3,0,0,0,0,0,0,0,0
17,17,2008,18,interlagos,2,9,0,1,1,0,0,0,0,0,0,0,0,0,0,0,0,0,0,0,0,0,6,3,0,0,0,0,0,0,0
18,18,2009,1,albert_park,5,11,1,1,3,0,0,0,0,0,0,1,0,1,0,1,0,0,0,0,0,0,1,0,0,0,0,0,0,0,0
19,19,2009,2,sepang,2,10,0,0,0,1,0,0,0,0,0,4,0,0,0,0,0,0,0,0,0,0,5,0,0,0,0,0,0,0,0
20,20,2009,3,shanghai,3,13,0,0,1,0,0,0,0,0,0,1,0,0,0,0,0,0,0,0,0,0,2,1,0,0,0,0,0,0,0
21,21,2009,4,bahrain,1,13,0,0,0,0,0,0,0,0,0,0,0,0,0,0,0,0,0,0,0,0,6,0,0,0,0,0,0,0,0
22,22,2009,5,catalunya,6,8,0,0,4,0,1,0,0,1,0,0,0,0,0,0,0,0,0,0,0,0,6,0,0,0,0,0,0,0,0
23,23,2009,6,monaco,5,9,0,3,2,0,0,0,0,0,0,0,0,0,1,0,0,0,0,0,0,0,5,0,0,0,0,0,0,0,0
24,24,2009,7,istanbul,2,13,0,0,0,0,1,0,0,0,0,0,0,0,1,0,0,0,0,0,0,0,5,0,0,0,0,0,0,0,0
25,25,2009,8,silverstone,2,11,0,0,2,0,0,0,0,0,0,0,0,0,0,0,0,0,0,0,0,0,7,0,0,0,0,0,0,0,0
26,26,2009,9,nurburgring,2,17,0,0,0,1,0,0,0,1,0,0,0,0,0,0,0,0,0,0,0,0,1,0,0,0,0,0,0,0,0
27,27,2009,10,hungaroring,4,13,0,0,0,0,0,0,0,0,0,0,0,1,0,0,1,0,0,0,0,0,3,0,0,0,0,0,0,0,0
28,28,2009,11,valencia,2,15,0,0,0,1,0,0,0,0,0,0,0,0,1,0,0,0,0,0,0,0,2,0,1,0,0,0,0,0,0
29,29,2009,12,spa,6,14,0,0,4,0,0,0,0,0,0,0,0,0,1,0,0,0,0,0,0,0,0,0,0,0,0,0,0,0,0
30,30,2009,13,monza,4,11,0,1,1,0,0,1,0,0,0,0,0,0,0,0,0,0,0,0,0,0,3,1,0,0,0,0,0,0,0
31,31,2009,14,marina_bay,6,14,0,0,2,0,1,0,0,0,0,0,0,0,3,0,0,0,0,0,0,0,0,0,0,0,0,0,0,0,0
32,32,2009,15,suzuka,3,15,0,1,0,0,0,0,1,0,0,0,0,0,0,0,0,0,0,0,0,0,1,1,0,0,0,0,0,0,0
33,33,2009,16,interlagos,6,12,0,4,0,0,1,0,0,0,0,0,0,0,0,0,0,0,0,0,0,0,2,0,0,0,0,0,0,0,0
34,34,2009,17,yas_marina,2,15,0,0,0,0,1,0,0,0,0,0,0,0,1,0,0,0,0,0,0,0,3,0,0,0,0,0,0,0,0
35,35,2010,1,bahrain,7,13,0,1,0,0,1,0,0,4,1,0,0,1,0,0,1,0,0,0,0,0,1,1,0,0,0,0,0,0,0
36,36,2010,2,albert_park,10,12,0,0,3,1,0,0,0,3,0,1,0,1,0,0,0,0,0,0,0,0,0,1,0,0,1,0,0,0,0
37,37,2010,3,sepang,7,11,0,0,0,3,1,0,0,0,0,1,0,0,0,0,0,0,0,0,0,0,1,0,2,1,1,0,0,0,0
38,38,2010,4,shanghai,7,13,0,3,0,1,0,0,1,1,0,0,0,0,0,0,0,0,0,0,0,0,2,1,0,1,0,0,0,0,0
39,39,2010,5,catalunya,5,8,0,1,1,1,1,0,0,1,0,0,0,1,0,0,0,0,0,0,1,0,5,1,2,1,0,0,0,0,0
40,40,2010,6,monaco,9,12,0,0,2,1,1,0,0,2,0,0,0,1,1,0,0,0,0,0,0,0,0,0,0,0,0,0,0,0,0
41,41,2010,7,istanbul,4,12,0,0,1,0,0,0,0,2,0,0,0,0,0,0,0,0,0,0,0,0,5,0,2,0,0,0,0,0,0
42,42,2010,8,villeneuve,5,7,0,1,0,1,0,0,0,1,0,0,0,0,1,0,0,1,0,0,0,0,8,2,0,1,1,0,0,0,0
43,43,2010,9,valencia,3,16,0,0,2,0,0,0,0,0,0,0,0,0,0,0,0,0,0,0,0,0,1,3,0,1,0,0,0,0,0
44,44,2010,10,silverstone,4,15,0,0,1,0,0,0,0,1,0,0,0,0,1,0,0,0,0,0,0,1,2,3,0,0,0,0,0,0,0
45,45,2010,11,hockenheimring,5,6,0,0,2,1,2,0,0,0,0,0,0,0,0,0,0,0,0,0,0,0,9,2,1,1,0,0,0,0,0
46,46,2010,12,hungaroring,5,6,0,0,1,1,1,0,0,0,0,0,0,0,0,0,0,0,0,0,0,0,7,0,4,2,0,0,0,0,0
47,47,2010,13,spa,4,13,0,1,2,0,0,0,0,0,0,0,0,0,0,0,0,0,0,0,0,0,6,1,0,0,0,0,0,0,0
48,48,2010,14,monza,4,13,0,0,1,1,1,0,0,0,0,0,0,0,0,0,0,0,0,0,0,0,3,3,1,0,0,0,0,0,0
49,49,2010,15,marina_bay,8,10,0,2,3,1,0,0,0,3,0,0,0,0,0,0,0,0,0,0,0,0,4,1,0,0,0,0,0,0,0
50,50,2010,16,suzuka,8,10,0,4,0,0,0,0,0,0,0,0,0,2,0,0,0,0,0,0,0,0,2,3,1,0,0,0,0,0,0
51,51,2010,17,yeongam,9,12,0,3,4,1,0,0,0,1,0,0,0,0,0,0,0,0,0,0,0,0,1,2,0,0,0,0,0,0,0
52,52,2010,18,interlagos,2,7,0,1,0,0,0,0,0,0,0,0,0,0,0,0,0,0,0,0,0,0,10,4,0,0,0,1,0,0,1
53,53,2010,19,yas_marina,3,16,0,0,2,0,1,0,0,0,0,0,0,0,0,0,0,0,0,0,0,0,1,3,0,0,0,0,0,0,0
54,54,2011,1,albert_park,10,7,2,0,2,0,0,2,0,0,0,0,0,0,0,0,0,0,0,0,0,0,5,1,0,1,0,0,0,0,1
55,55,2011,2,sepang,7,10,0,3,0,0,1,0,1,0,0,0,0,0,0,0,0,0,0,0,0,0,5,1,0,0,0,0,0,0,0
56,56,2011,3,shanghai,1,14,0,0,0,0,0,0,0,0,0,0,0,0,0,0,0,0,0,0,0,0,5,4,0,0,0,0,0,0,0
57,57,2011,4,istanbul,2,12,0,0,0,0,1,0,0,0,0,0,0,0,0,0,0,0,0,0,0,0,6,2,1,0,1,0,0,0,0
58,58,2011,5,catalunya,3,4,0,1,0,0,2,0,0,0,0,0,0,0,0,0,0,0,0,0,0,0,11,3,1,1,1,0,0,0,0
59,59,2011,6,monaco,6,6,0,2,2,1,0,0,0,0,0,0,0,1,0,0,0,0,0,0,0,0,4,4,2,1,0,0,0,0,0
60,60,2011,7,villeneuve,6,12,0,3,2,0,0,1,0,0,0,0,0,0,0,0,0,0,0,0,0,0,5,0,0,0,0,0,0,0,0
61,61,2011,8,valencia,0,7,0,0,0,0,0,0,0,0,0,0,0,0,0,0,0,0,0,0,0,0,11,4,2,0,0,0,0,0,0
62,62,2011,9,silverstone,5,12,0,1,0,1,1,0,0,0,0,0,0,0,0,0,0,0,0,0,0,0,3,3,1,0,0,0,0,0,0
63,63,2011,10,nurburgring,4,6,0,0,1,0,0,0,0,1,1,0,0,0,0,0,0,0,0,0,0,0,9,1,3,1,0,0,0,0,0
64,64,2011,11,hungaroring,4,6,0,0,0,0,1,0,0,0,0,0,0,0,0,0,0,0,0,0,0,0,6,4,0,2,2,0,0,0,0
65,65,2011,12,spa,5,13,0,0,2,1,0,0,0,0,0,0,0,1,0,0,0,0,0,0,0,0,6,0,0,0,0,0,0,0,0
66,66,2011,13,monza,9,6,0,1,3,0,3,0,0,1,0,0,0,0,0,0,0,0,0,0,0,0,6,3,0,0,0,0,0,0,0
67,67,2011,14,marina_bay,3,6,0,3,0,0,1,0,0,0,0,0,0,0,0,0,0,0,0,0,0,0,7,5,0,2,0,0,0,0,0
68,68,2011,15,suzuka,1,19,0,0,0,0,0,0,0,0,0,0,0,0,0,0,0,0,0,0,0,0,0,3,1,0,0,0,0,0,0
69,69,2011,16,yeongam,3,12,0,0,2,0,0,0,1,0,0,0,0,0,0,0,0,0,0,0,0,0,8,0,1,0,0,0,0,0,0
70,70,2011,17,buddh,5,7,0,0,2,1,1,0,0,0,0,0,0,1,0,0,0,0,0,0,0,0,6,2,3,0,1,0,0,0,0
71,71,2011,18,yas_marina,4,9,0,0,0,0,0,0,0,1,0,0,0,0,1,0,0,1,0,0,1,0,8,3,0,0,0,0,0,0,0
72,72,2011,19,interlagos,4,5,0,0,0,0,1,0,0,0,0,0,0,0,0,0,0,0,0,0,0,0,10,3,2,0,0,0,0,0,0
73,73,2012,1,albert_park,8,12,0,1,4,0,1,0,0,0,0,0,0,1,0,0,0,0,0,0,0,0,1,0,0,0,1,0,0,0,0
74,74,2012,2,sepang,2,15,0,0,1,1,0,0,0,0,0,0,0,0,0,0,0,0,0,0,0,0,3,3,0,0,0,0,0,0,0
75,75,2012,3,shanghai,1,17,0,0,0,0,0,0,0,0,0,0,0,0,0,0,0,0,0,0,0,0,4,1,1,0,0,0,0,0,0
76,76,2012,4,bahrain,2,14,0,0,0,1,0,0,0,0,0,0,0,0,0,0,0,0,0,0,1,0,3,3,0,0,0,0,0,0,0
77,77,2012,5,catalunya,5,9,0,0,2,0,0,0,0,0,0,0,0,0,0,0,0,2,0,0,0,0,8,1,1,0,0,0,0,0,0
78,78,2012,6,monaco,8,10,0,4,1,0,0,0,0,0,1,0,0,0,0,0,0,0,0,0,0,0,4,1,0,0,0,0,0,0,0
79,79,2012,7,villeneuve,3,14,0,0,0,0,0,0,0,0,0,0,0,2,1,0,0,0,0,0,0,0,5,0,1,0,0,0,0,0,0
80,80,2012,8,valencia,5,15,0,0,3,0,1,0,0,0,0,0,0,0,0,0,0,0,0,0,0,0,3,0,0,0,0,0,0,0,0
81,81,2012,9,silverstone,3,15,0,0,2,1,0,0,0,0,0,0,0,0,0,0,0,0,0,0,0,0,4,2,0,0,0,0,0,0,0
82,82,2012,10,hockenheimring,1,14,0,0,0,0,0,0,0,0,0,0,0,0,0,0,0,0,0,0,1,0,4,2,3,0,0,0,0,0,0
83,83,2012,11,hungaroring,2,14,0,0,0,0,0,0,0,0,0,0,0,1,0,0,0,0,0,0,0,0,3,3,2,0,0,0,0,0,0
84,84,2012,12,spa,6,13,0,0,5,0,0,0,0,0,0,1,0,0,0,0,0,0,0,0,0,0,5,0,0,0,0,0,0,0,0
85,85,2012,13,monza,2,13,0,0,0,0,0,0,0,0,0,0,0,1,1,0,0,0,0,0,0,0,6,0,0,0,0,0,0,0,0
86,86,2012,14,marina_bay,5,16,0,1,2,0,1,0,0,1,0,0,0,0,0,0,0,0,0,0,0,0,1,1,0,0,0,0,0,0,0
87,87,2012,15,suzuka,5,14,0,0,2,1,0,0,0,0,0,1,0,0,0,0,0,0,0,0,0,0,4,1,0,0,0,0,0,0,0
88,88,2012,16,yeongam,4,15,0,0,2,0,0,0,0,0,0,0,0,0,0,0,0,0,0,0,0,0,3,2,0,0,0,0,0,0,0
89,89,2012,17,buddh,2,14,0,2,0,0,0,0,0,0,0,0,0,0,0,0,0,0,0,0,0,0,5,2,0,0,0,0,0,0,0
90,90,2012,18,yas_marina,7,17,0,0,5,0,0,0,0,0,1,0,0,0,0,0,0,0,0,0,0,0,0,0,0,0,0,0,0,0,0
91,91,2012,19,americas,2,13,0,0,0,0,0,0,0,0,0,0,0,1,0,0,0,0,0,0,0,0,6,3,0,0,0,0,0,0,0
92,92,2012,20,interlagos,5,9,0,2,4,0,0,0,0,0,0,0,0,0,0,0,0,0,0,0,0,0,7,2,0,0,0,0,0,0,0
93,93,2013,1,albert_park,4,12,0,0,0,0,0,0,0,1,1,1,0,0,0,0,0,0,0,0,0,0,3,3,0,0,0,0,0,0,0
94,94,2013,2,sepang,4,11,0,0,1,0,0,0,0,0,0,0,0,0,0,0,0,0,0,0,0,0,4,1,0,0,0,0,0,0,0
95,95,2013,3,shanghai,4,14,0,0,2,0,0,0,0,0,0,0,0,1,0,0,0,0,0,0,0,0,4,0,0,0,0,0,0,0,0
96,96,2013,4,bahrain,1,15,0,0,0,0,0,0,0,0,0,0,0,0,0,0,0,0,0,0,1,0,5,1,0,0,0,0,0,0,0
97,97,2013,5,catalunya,0,9,0,1,0,0,0,0,0,0,0,0,0,1,0,0,0,0,0,0,0,0,8,2,0,0,0,0,0,0,0
98,98,2013,6,monaco,6,15,0,1,3,0,1,0,0,0,0,0,0,1,1,0,0,0,0,0,0,0,0,0,0,0,0,0,0,0,0
99,99,2013,7,villeneuve,2,5,0,1,2,0,0,0,0,0,0,0,0,0,0,0,0,0,0,0,0,0,9,3,2,0,0,0,0,0,0
100,100,2013,8,silverstone,2,18,0,0,0,0,1,0,0,0,0,0,0,0,0,0,0,0,1,0,0,0,0,0,0,0,0,0,0,0,0
101,101,2013,9,nurburgring,3,15,0,0,0,1,0,0,0,1,0,1,0,0,0,0,0,0,0,0,0,0,4,0,0,0,0,0,0,0,0
102,102,2013,10,hungaroring,3,8,0,0,0,1,0,1,0,3,0,0,0,0,0,0,0,0,0,0,0,0,5,2,2,0,0,0,0,0,0
103,103,2013,11,spa,3,15,0,0,1,0,0,0,0,0,0,0,0,0,1,0,0,0,0,0,0,0,3,1,0,0,0,0,0,0,0
104,104,2013,12,monza,2,15,0,1,0,0,0,1,0,0,0,0,0,0,0,0,0,0,0,0,0,0,5,0,0,0,0,0,0,0,0
105,105,2013,13,marina_bay,2,14,0,2,0,0,0,0,0,0,0,0,0,0,0,0,0,0,0,0,0,0,4,0,0,0,0,0,0,0,0
106,106,2013,14,yeongam,2,17,0,0,2,0,0,0,0,0,0,1,0,0,0,0,0,0,0,0,0,0,0,1,1,0,0,0,0,0,0
107,107,2013,15,suzuka,3,11,0,2,0,0,0,0,0,0,0,0,0,0,0,0,0,0,0,0,1,0,8,0,0,0,0,0,0,0,0
108,108,2013,16,buddh,3,12,0,0,1,0,0,0,0,1,0,0,0,0,0,0,0,1,0,0,0,0,4,2,0,0,0,0,0,0,0
109,109,2013,17,yas_marina,1,13,0,1,0,0,0,0,0,0,0,0,0,0,0,0,0,0,0,0,0,0,6,2,0,0,0,0,0,0,0
110,110,2013,18,americas,1,16,0,1,0,0,0,0,0,0,0,0,0,0,0,0,0,0,0,0,0,0,4,1,0,0,0,0,0,0,0
111,111,2013,19,interlagos,3,9,0,1,0,1,0,0,0,0,0,0,0,0,0,0,0,1,0,0,0,0,7,3,0,0,0,0,0,0,0
112,112,2014,1,albert_park,9,10,1,0,2,2,0,0,0,0,0,0,0,0,0,0,0,0,0,0,0,0,2,1,0,0,0,0,0,1,0
113,113,2014,2,sepang,7,8,0,0,0,1,1,0,0,0,1,0,0,0,1,0,0,0,0,0,0,0,5,2,0,0,0,0,0,0,0
114,114,2014,3,bahrain,5,15,0,0,2,0,0,0,2,0,0,0,0,0,0,0,0,0,0,0,0,0,1,0,0,0,0,0,0,0,0
115,115,2014,4,shanghai,2,9,0,0,0,1,1,0,0,0,0,0,0,0,0,0,0,0,0,0,0,0,9,2,0,0,0,0,0,0,0
116,116,2014,5,catalunya,2,6,0,0,0,0,0,0,0,0,0,0,0,0,1,0,0,0,0,0,0,0,11,3,0,0,0,0,0,0,0
117,117,2014,6,monaco,8,4,0,2,1,2,0,0,0,0,0,0,0,0,0,0,0,1,0,0,0,0,8,1,1,0,0,0,0,0,0
118,118,2014,7,villeneuve,8,10,0,0,4,0,0,0,0,0,0,0,0,1,1,0,0,0,0,0,0,0,1,0,0,0,0,0,0,0,0
119,119,2014,8,red_bull_ring,3,11,0,0,0,0,0,0,0,0,1,0,0,1,1,0,0,0,0,0,0,0,3,5,0,0,0,0,0,0,0
120,120,2014,9,silverstone,5,9,0,0,3,0,1,0,0,0,0,0,0,1,0,0,0,0,0,0,0,0,5,2,1,0,0,0,0,0,0
121,121,2014,10,hockenheimring,4,8,0,0,1,0,0,0,0,0,0,0,0,0,1,0,0,0,0,0,0,0,7,3,0,0,0,0,0,0,0
122,122,2014,11,hungaroring,6,13,0,4,0,0,0,0,0,0,0,0,0,0,0,0,0,0,0,0,0,0,3,0,0,0,0,0,0,0,0
123,123,2014,12,spa,4,15,0,0,0,0,1,0,0,0,0,0,0,0,0,0,0,1,0,0,0,0,2,0,0,0,0,0,0,0,0
124,124,2014,13,monza,2,13,0,1,0,1,0,0,0,0,0,0,0,0,0,0,0,0,0,0,0,0,5,2,0,0,0,0,0,0,0
125,125,2014,14,marina_bay,5,16,0,0,0,0,0,0,0,0,2,0,0,0,0,0,0,0,0,0,0,0,1,0,0,0,0,0,0,0,0
126,126,2014,15,suzuka,1,9,0,2,0,0,0,0,0,0,0,0,0,0,0,0,0,0,0,0,0,0,10,0,0,0,0,0,0,0,0
127,127,2014,16,sochi,2,13,0,0,0,0,0,0,0,0,0,0,0,1,1,0,0,0,0,0,0,0,5,1,0,0,0,0,0,0,0
128,128,2014,17,americas,3,10,0,0,1,1,0,0,0,0,0,0,0,0,0,0,0,0,0,0,0,0,5,0,0,0,0,0,0,0,0
129,129,2014,18,interlagos,1,9,0,0,0,0,0,0,0,0,0,0,0,1,0,0,0,0,0,0,0,0,7,0,0,0,0,0,0,1,0
130,130,2014,19,yas_marina,3,12,0,0,0,0,0,0,0,0,0,0,0,0,0,0,0,0,0,0,0,0,5,0,0,0,0,0,0,0,0
131,131,2015,1,albert_park,7,5,0,1,0,1,0,0,0,0,0,0,0,0,0,0,0,0,0,0,0,0,5,1,0,0,0,0,0,0,0
132,132,2015,2,sepang,5,7,0,0,0,0,0,0,0,0,0,1,0,0,0,0,0,0,0,0,0,0,7,0,1,0,0,0,0,0,0
133,133,2015,3,shanghai,3,9,0,0,0,0,1,1,0,0,0,0,0,0,1,0,0,0,0,0,0,0,5,2,0,0,0,0,0,0,0
134,134,2015,4,bahrain,3,7,0,0,0,1,0,0,0,0,1,0,0,0,0,0,0,0,0,0,0,0,8,1,1,0,0,0,0,0,0
135,135,2015,5,catalunya,2,6,0,1,0,0,0,0,0,0,0,0,0,0,1,0,0,0,0,0,0,0,10,0,1,1,0,0,0,0,0
136,136,2015,6,monaco,3,14,0,1,0,0,1,0,0,0,0,0,0,0,1,0,0,0,0,0,0,0,1,2,0,0,0,0,0,0,0
137,137,2015,7,villeneuve,3,7,0,0,0,1,0,0,0,0,0,0,0,0,0,0,0,0,0,0,0,0,8,1,0,1,0,0,0,0,0
138,138,2015,8,red_bull_ring,6,6,0,0,2,0,1,0,0,0,0,0,0,0,0,0,0,0,0,0,0,0,6,1,1,0,0,0,0,0,0
139,139,2015,9,silverstone,7,7,0,0,3,0,1,0,0,0,2,1,0,0,0,0,0,0,0,0,0,0,4,0,2,0,0,0,0,0,0
140,140,2015,10,hungaroring,4,14,0,0,0,0,0,0,0,0,1,0,0,1,0,0,0,0,0,0,0,0,0,1,0,1,0,0,0,0,0
141,141,2015,11,spa,4,10,0,0,0,1,0,0,0,0,0,0,0,0,0,0,0,0,1,0,0,0,4,0,0,0,0,0,0,0,0
142,142,2015,12,monza,2,6,0,0,0,0,0,0,0,0,0,0,0,0,0,0,0,0,0,0,0,0,8,2,1,0,0,1,0,0,0
143,143,2015,13,marina_bay,5,12,0,0,1,0,3,0,0,0,0,0,0,0,0,0,0,0,1,0,0,0,0,2,0,0,0,0,0,0,0
144,144,2015,14,suzuka,1,9,0,0,0,0,0,0,0,0,0,0,0,0,0,0,0,0,0,0,0,0,7,2,1,0,0,0,0,0,0
145,145,2015,15,sochi,5,11,0,1,3,0,0,0,0,0,0,0,0,1,1,0,0,0,0,0,0,0,1,1,0,0,0,0,0,0,0
146,146,2015,16,americas,8,12,0,2,0,0,0,0,0,0,0,0,0,0,0,0,0,0,0,0,0,0,0,0,0,0,0,0,0,0,0
147,147,2015,17,rodriguez,4,14,0,1,1,0,0,0,0,0,0,0,0,0,1,0,0,0,0,0,0,0,0,2,0,0,0,0,0,0,0
148,148,2015,18,interlagos,2,4,0,0,0,0,0,0,0,0,0,0,0,0,0,0,0,0,0,0,0,0,11,1,0,2,0,0,0,0,0
149,149,2015,19,yas_marina,1,11,0,0,1,0,0,0,0,0,0,0,0,0,0,0,0,0,0,0,0,0,5,2,1,0,0,0,0,0,0
150,150,2016,1,albert_park,6,13,0,0,2,2,0,0,0,0,0,0,0,0,0,0,0,1,0,0,0,0,3,0,0,0,0,0,0,0,0
151,151,2016,2,bahrain,5,6,0,0,0,1,0,0,0,1,0,0,0,0,0,0,0,0,0,0,0,0,11,0,0,0,0,0,0,0,0
152,152,2016,3,shanghai,0,13,0,0,0,0,0,0,0,0,0,0,0,0,0,0,0,0,0,0,0,0,9,0,0,0,0,0,0,0,0
153,153,2016,4,sochi,4,5,0,0,3,0,0,0,0,0,0,0,0,0,0,0,0,0,0,0,0,0,12,1,0,0,0,0,0,0,0
154,154,2016,5,catalunya,5,8,0,0,2,3,0,0,0,0,0,0,0,0,0,0,0,0,0,0,0,0,9,0,0,0,0,0,0,0,0
155,155,2016,6,monaco,7,7,0,4,1,0,0,0,0,0,0,0,0,0,0,0,0,0,0,0,0,0,5,2,0,1,0,0,0,0,0
156,156,2016,7,villeneuve,3,7,0,0,0,0,0,0,0,0,0,0,0,0,0,0,0,0,0,0,0,0,5,7,0,0,0,0,0,0,0
157,157,2016,8,baku,4,11,0,0,0,0,1,0,0,0,0,0,0,2,1,0,0,0,0,0,0,0,6,1,0,0,0,0,0,0,0
158,158,2016,9,red_bull_ring,2,8,0,0,0,0,0,0,0,0,0,0,0,0,3,0,0,0,1,0,0,0,8,0,0,0,0,0,0,0,0
159,159,2016,10,silverstone,5,10,0,0,0,0,2,0,0,0,0,2,0,0,0,0,0,0,0,0,0,0,6,0,0,0,0,0,0,0,0
160,160,2016,11,hungaroring,1,6,0,0,0,0,0,0,0,0,0,0,0,0,0,0,0,0,0,0,0,0,11,4,0,0,0,0,0,0,0
161,161,2016,12,hockenheimring,2,7,0,0,0,0,0,0,0,0,0,0,0,1,0,0,0,0,0,0,0,0,9,4,0,0,0,0,0,0,0
162,162,2016,13,spa,5,15,0,1,0,0,1,0,0,0,0,0,0,0,0,0,0,0,0,0,1,0,2,0,0,0,0,0,0,0,0
163,163,2016,14,monza,4,10,0,0,0,0,0,0,0,0,0,0,0,0,0,0,0,0,0,0,0,0,7,1,0,0,0,0,0,0,0
164,164,2016,15,marina_bay,4,10,0,0,1,0,0,0,0,0,0,0,0,0,1,0,1,0,0,0,0,0,7,1,0,0,0,0,0,0,0
165,165,2016,16,sepang,6,11,0,0,1,1,0,0,0,0,0,0,0,0,2,0,0,0,0,0,0,0,5,0,0,0,0,0,0,0,0
166,166,2016,17,suzuka,0,11,0,0,0,0,0,0,0,0,0,0,0,0,0,0,0,0,0,0,0,0,11,0,0,0,0,0,0,0,0
167,167,2016,18,americas,4,6,0,0,1,0,1,0,0,0,0,0,0,0,1,0,0,0,0,0,0,0,11,1,0,0,0,0,0,0,0
168,168,2016,19,rodriguez,1,10,0,0,1,0,0,0,0,0,0,0,0,0,0,0,0,0,0,0,0,0,10,1,0,0,0,0,0,0,0
169,169,2016,20,interlagos,6,16,0,0,3,0,0,0,0,0,0,0,0,0,0,0,0,0,0,0,0,0,0,0,0,0,0,0,0,0,0
170,170,2016,21,yas_marina,5,12,0,0,0,0,1,0,0,0,0,0,0,3,0,0,0,0,0,0,0,0,5,0,0,0,0,0,0,0,0
171,171,2017,1,albert_park,7,6,0,0,0,0,0,0,0,1,0,0,0,1,2,0,0,0,0,0,0,0,5,2,0,0,0,0,0,0,0
172,172,2017,2,shanghai,5,7,0,1,1,0,0,0,0,1,0,0,0,0,0,0,0,0,0,0,0,1,8,0,0,0,0,0,0,0,0
173,173,2017,3,bahrain,6,10,0,0,2,0,1,0,0,0,1,0,0,0,1,0,0,0,0,0,0,0,3,0,0,0,0,0,0,0,0
174,174,2017,4,sochi,4,8,0,0,2,0,0,0,0,0,0,0,0,0,1,0,0,0,0,0,0,0,7,1,0,0,0,0,0,0,0
175,175,2017,5,catalunya,4,3,0,0,1,0,0,0,0,0,0,0,0,0,0,0,0,0,0,0,0,0,7,6,0,0,0,0,0,0,0
176,176,2017,6,monaco,5,13,0,2,1,0,1,0,0,0,0,0,0,0,1,0,0,0,0,0,0,0,0,0,0,0,0,0,0,0,0
177,177,2017,7,villeneuve,4,8,0,0,2,0,0,0,0,0,1,0,0,0,0,0,0,0,0,0,0,0,6,1,0,0,0,0,0,0,0
178,178,2017,8,baku,6,12,0,1,0,0,0,0,0,0,0,0,0,1,0,0,0,0,0,0,0,0,1,0,0,0,0,0,0,0,0
179,179,2017,9,red_bull_ring,4,6,0,0,0,1,0,0,0,1,0,0,0,0,0,0,0,0,0,0,0,0,8,1,1,0,0,0,0,0,0
180,180,2017,10,silverstone,3,7,0,0,0,0,0,0,0,1,0,0,0,0,0,0,0,0,0,0,0,0,10,0,0,0,0,0,0,0,0
181,181,2017,11,hungaroring,3,6,0,0,1,0,0,0,0,0,0,0,0,0,1,0,0,0,0,0,0,0,8,2,0,0,0,0,0,0,0
182,182,2017,12,spa,3,16,0,0,1,2,1,0,0,0,0,0,0,0,0,0,0,0,0,0,0,0,0,0,0,0,0,0,0,0,0
183,183,2017,13,monza,2,9,0,0,0,2,2,0,0,0,0,0,0,0,0,0,0,0,0,0,0,0,6,1,0,0,0,0,0,0,0
184,184,2017,14,marina_bay,8,11,0,5,0,2,0,0,0,0,0,0,0,0,0,0,0,0,0,0,0,0,0,1,0,0,0,0,0,0,0
185,185,2017,15,sepang,2,6,0,0,0,1,0,0,0,0,0,0,0,0,0,0,0,0,0,0,0,0,11,1,0,0,0,0,0,0,0
186,186,2017,16,suzuka,5,9,0,2,0,0,0,0,0,0,0,0,0,0,0,0,0,0,0,0,0,0,5,1,0,0,0,0,0,0,0
187,187,2017,17,americas,4,7,0,0,1,3,0,0,0,0,0,0,0,0,0,0,0,0,0,0,0,0,9,0,0,0,0,0,0,0,0
188,188,2017,18,rodriguez,5,4,0,0,0,4,0,0,0,0,1,0,0,0,0,0,0,0,0,0,0,0,9,2,0,0,0,0,0,0,0
189,189,2017,19,interlagos,4,9,0,3,0,1,0,0,0,0,0,0,0,0,0,0,0,0,0,0,0,0,5,2,0,0,0,0,0,0,0
190,190,2017,20,yas_marina,2,8,0,0,0,0,0,0,0,1,0,0,0,0,0,0,0,0,0,0,0,0,10,0,0,0,0,0,0,0,0
191,191,2018,1,albert_park,5,14,0,0,0,1,0,0,0,0,0,0,0,0,1,0,0,0,0,0,0,0,1,0,0,0,0,0,0,0,0
192,192,2018,2,bahrain,3,6,0,0,0,0,0,0,0,0,1,0,0,0,0,0,0,0,0,0,1,0,11,0,0,0,0,0,0,0,0
193,193,2018,3,shanghai,0,19,0,0,0,0,0,0,0,0,0,0,0,0,0,0,0,0,0,0,0,0,0,0,0,0,0,0,0,0,0
194,194,2018,4,baku,7,13,0,2,4,0,0,0,0,0,0,0,0,0,0,0,0,0,0,0,1,0,0,0,0,0,0,0,0,0,0
195,195,2018,5,catalunya,6,5,0,0,3,0,1,0,0,0,0,0,0,0,0,0,0,0,0,0,0,0,3,5,1,0,0,0,0,0,0
196,196,2018,6,monaco,3,13,0,0,2,0,1,0,0,0,0,0,0,0,0,0,0,0,0,0,0,0,3,1,0,0,0,0,0,0,0
197,197,2018,7,villeneuve,3,6,0,0,2,0,0,0,0,0,0,0,0,0,0,0,0,0,0,0,0,0,8,3,0,0,0,0,0,0,0
198,198,2018,8,ricard,3,10,0,0,2,1,0,0,0,0,0,0,0,0,0,0,0,0,0,0,1,0,5,0,0,0,0,0,0,0,0
199,199,2018,9,red_bull_ring,5,3,0,0,0,1,0,0,0,2,0,0,0,0,0,0,0,0,0,0,0,0,9,2,0,0,0,0,0,0,0
200,200,2018,10,silverstone,6,14,0,1,2,0,0,0,0,0,0,0,0,0,1,0,0,0,1,0,0,0,0,0,0,0,0,0,0,0,0
201,201,2018,11,hockenheimring,4,13,0,1,0,3,0,0,0,0,0,0,0,0,0,0,0,0,0,0,0,0,2,0,0,0,0,0,0,0,0
202,202,2018,12,hungaroring,3,6,0,0,0,0,1,0,0,0,0,0,0,1,0,0,0,0,0,0,0,0,8,3,0,0,0,0,0,0,0
203,203,2018,13,spa,5,9,0,3,0,0,0,0,0,0,0,0,0,0,1,0,0,0,0,0,0,0,6,0,0,0,0,0,0,0,0
204,204,2018,14,monza,4,8,1,0,0,2,0,0,0,0,0,0,0,0,1,0,0,0,0,0,0,0,8,0,0,0,0,0,0,0,0
205,205,2018,15,marina_bay,1,7,0,0,1,0,0,0,0,0,0,0,0,0,0,0,0,0,0,0,0,0,10,2,0,0,0,0,0,0,0
206,206,2018,16,sochi,2,7,0,0,0,0,0,0,0,0,0,0,0,0,2,0,0,0,0,0,0,0,8,3,0,0,0,0,0,0,0
207,207,2018,17,suzuka,3,9,0,0,0,1,0,0,0,0,0,0,0,0,0,0,0,1,0,0,0,0,8,0,0,0,0,0,0,0,0
208,208,2018,18,americas,6,8,2,0,1,0,0,0,0,0,0,0,0,0,0,0,0,0,0,0,0,0,5,1,0,0,0,0,0,0,0
209,209,2018,19,rodriguez,4,4,0,0,0,2,0,0,0,0,0,0,0,1,1,0,0,0,0,0,0,0,1,10,1,0,0,0,0,0,0
210,210,2018,20,interlagos,2,9,0,0,1,0,0,0,0,0,0,0,0,0,0,0,1,0,0,0,0,0,6,3,0,0,0,0,0,0,0
211,211,2018,21,yas_marina,5,8,0,0,1,2,0,0,0,0,0,0,0,0,0,0,0,0,0,0,0,0,7,0,0,0,0,0,0,0,0
212,212,2019,1,albert_park,3,6,0,0,0,1,0,0,0,0,0,0,0,0,0,0,0,0,0,0,0,0,9,1,1,0,0,0,0,0,0
213,213,2019,2,bahrain,4,11,0,0,0,1,0,0,0,0,0,0,0,0,0,0,0,0,0,0,0,0,4,1,0,0,0,0,0,0,0
214,214,2019,3,shanghai,2,6,0,0,2,0,0,0,0,0,0,0,0,0,0,0,0,0,0,0,0,0,9,2,0,0,0,0,0,0,0
215,215,2019,4,baku,4,9,0,0,2,0,0,1,0,0,0,0,0,0,1,0,0,0,0,0,0,0,5,2,0,0,0,0,0,0,0
216,216,2019,5,catalunya,2,16,0,0,2,0,0,0,0,0,0,0,0,0,0,0,0,0,0,0,0,0,2,0,0,0,0,0,0,0,0
217,217,2019,6,monaco,1,11,0,0,1,0,0,0,0,0,0,0,0,0,0,0,0,0,0,0,0,0,7,1,0,0,0,0,0,0,0
218,218,2019,7,villeneuve,2,5,0,0,0,0,0,0,0,0,0,0,0,1,0,0,0,0,0,0,0,0,10,2,1,0,0,0,0,0,0
219,219,2019,8,ricard,0,6,0,0,0,0,0,0,0,0,0,0,0,0,0,0,0,0,0,0,0,0,11,2,0,0,0,0,0,0,0
220,220,2019,9,red_bull_ring,0,5,0,0,0,0,0,0,0,0,0,0,0,0,0,0,0,0,0,0,0,0,12,2,1,0,0,0,0,0,0
221,221,2019,10,silverstone,3,13,0,0,2,0,0,0,0,0,0,1,0,0,0,0,0,0,0,0,0,0,4,0,0,0,0,0,0,0,0
222,222,2019,11,hockenheimring,6,13,0,3,1,0,0,0,0,0,0,1,0,0,0,0,0,0,0,0,0,0,0,0,0,0,0,0,0,0,0
223,223,2019,12,hungaroring,1,4,0,0,0,0,0,0,0,0,0,0,0,0,0,0,0,0,0,0,0,0,10,4,1,0,0,0,0,0,0
224,224,2019,13,spa,2,10,0,2,0,1,0,0,0,0,0,0,0,0,0,0,0,0,0,0,0,0,6,0,0,0,0,0,0,0,0
225,225,2019,14,monza,3,8,0,0,0,1,0,0,0,1,0,0,0,0,0,0,0,0,0,0,0,0,8,1,0,0,0,0,0,0,0
226,226,2019,15,marina_bay,3,17,0,0,2,1,0,0,0,0,0,0,0,0,0,0,0,0,0,0,0,0,0,0,0,0,0,0,0,0,0
227,227,2019,16,sochi,5,15,0,0,2,0,0,0,0,0,0,0,0,0,2,0,0,0,0,0,0,0,0,0,0,0,0,0,0,0,0
228,228,2019,17,suzuka,3,5,2,0,0,0,0,0,0,0,0,0,0,0,1,0,0,0,0,0,0,0,10,2,0,0,0,0,0,0,0
229,229,2019,18,rodriguez,2,8,0,0,0,0,0,0,0,0,0,0,0,0,0,0,1,0,0,0,0,0,6,4,0,0,0,0,0,0,0
230,230,2019,19,americas,2,7,0,0,0,0,0,0,0,0,0,0,0,2,1,0,0,0,0,0,0,0,8,1,0,0,0,0,0,0,0
231,231,2019,20,interlagos,1,15,0,0,2,0,0,0,0,0,0,0,0,1,0,0,0,0,0,0,0,0,1,0,0,0,0,0,0,0,0
232,232,2019,21,yas_marina,1,6,0,0,0,0,0,0,0,0,0,0,0,0,1,0,0,0,0,0,0,0,11,2,0,0,0,0,0,0,0
233,233,2020,1,red_bull_ring,7,11,0,0,0,1,0,0,0,0,0,0,0,1,2,0,1,0,0,0,0,0,0,0,0,0,0,0,0,0,0
234,234,2020,2,red_bull_ring,3,8,0,0,0,0,0,0,0,0,0,0,0,0,0,0,1,0,0,0,0,0,7,2,0,0,0,0,0,0,0
235,235,2020,3,hungaroring,1,5,0,0,0,1,0,0,0,0,0,0,0,0,0,0,0,0,0,0,0,0,13,0,0,0,1,0,0,0,0
236,236,2020,4,silverstone,3,16,0,1,1,0,0,0,0,0,0,0,0,0,0,0,0,0,0,0,0,0,1,0,0,0,0,0,0,0,0
237,237,2020,5,silverstone,1,13,0,0,0,0,0,0,0,0,0,0,0,0,0,0,0,0,0,0,0,0,6,0,0,0,0,0,0,0,0
238,238,2020,6,catalunya,1,3,0,0,0,0,0,0,0,0,0,0,0,0,0,0,0,0,0,0,0,0,14,2,0,0,0,0,0,0,0
239,239,2020,7,spa,3,17,0,1,0,0,0,0,0,0,0,0,0,0,0,0,0,0,0,0,0,0,0,0,0,0,0,0,0,0,0
240,240,2020,8,monza,4,16,0,1,0,0,0,0,0,0,0,0,0,0,1,0,0,0,0,0,0,0,0,0,0,0,0,0,0,0,0
241,241,2020,9,mugello,8,12,0,0,6,0,0,0,0,0,0,0,0,0,1,0,0,0,0,0,1,0,0,0,0,0,0,0,0,0,0
242,242,2020,10,sochi,2,10,0,1,1,0,0,0,0,0,0,0,0,0,0,0,0,0,0,0,0,0,8,0,0,0,0,0,0,0,0
243,243,2020,11,nurburgring,5,15,0,0,1,0,1,0,0,0,0,0,1,0,0,0,0,0,0,0,0,0,0,0,0,0,0,0,0,0,0
244,244,2020,12,portimao,1,4,0,0,0,0,0,0,0,0,0,0,0,0,0,0,0,0,0,0,0,0,13,2,0,0,0,0,0,0,0
245,245,2020,13,imola,5,15,0,1,0,0,1,0,0,0,0,0,0,0,0,0,0,0,0,0,1,0,0,0,0,0,0,0,0,0,0
246,246,2020,14,istanbul,3,10,0,0,0,0,1,0,0,0,0,0,0,0,0,0,0,0,0,0,0,0,6,0,0,0,0,0,0,0,0
247,247,2020,15,bahrain,2,9,0,0,2,1,0,0,0,0,0,0,0,0,0,0,0,0,0,0,0,0,8,0,0,0,0,0,0,0,0
248,248,2020,16,bahrain,3,17,0,1,1,1,0,0,0,0,0,0,0,0,0,0,0,0,0,0,0,0,0,0,0,0,0,0,0,0,0
249,249,2020,17,yas_marina,1,10,0,0,0,0,0,1,0,0,0,0,0,0,0,0,0,0,0,0,0,0,8,1,0,0,0,0,0,0,0
250,250,2021,1,bahrain,2,11,0,1,0,0,0,0,0,0,0,0,0,0,1,0,0,0,0,0,0,0,5,0,0,0,0,0,0,0,0
251,251,2021,2,imola,3,13,0,0,3,0,1,0,0,0,0,0,0,0,0,0,0,0,0,0,0,0,1,2,0,0,0,0,0,0,0
252,252,2021,3,portimao,1,11,0,0,0,0,0,0,0,0,0,0,0,0,0,0,0,0,0,0,0,0,5,3,0,0,0,0,0,0,0
253,253,2021,4,catalunya,1,7,0,0,0,0,0,0,0,0,1,0,0,0,0,0,0,0,0,0,0,0,10,2,0,0,0,0,0,0,0
254,254,2021,5,monaco,2,7,0,0,0,0,0,0,0,0,0,0,0,0,0,0,0,0,0,0,0,1,9,0,2,0,0,0,0,0,0
255,255,2021,6,baku,4,16,0,2,0,0,1,0,0,0,0,0,0,0,0,0,0,0,0,0,0,0,0,0,0,0,0,0,0,0,0
256,256,2021,7,ricard,0,11,0,0,0,0,0,0,0,0,0,0,0,0,0,0,0,0,0,0,0,0,9,0,0,0,0,0,0,0,0
257,257,2021,8,red_bull_ring,2,4,0,0,1,1,0,0,0,0,0,0,0,0,0,0,0,0,0,0,0,0,11,1,2,0,0,0,0,0,0
258,258,2021,9,red_bull_ring,1,9,0,0,2,0,0,0,0,0,0,0,0,0,0,0,0,0,0,0,0,0,7,2,0,0,0,0,0,0,0
259,259,2021,10,silverstone,2,11,0,0,1,0,0,0,0,0,0,0,0,0,0,0,0,0,0,0,0,0,7,0,0,0,0,0,0,0,0
260,260,2021,11,hungaroring,7,9,1,0,6,0,0,0,0,0,0,0,0,0,0,0,0,0,0,0,0,0,4,0,0,0,0,0,0,0,0
261,261,2021,12,spa,0,20,0,0,0,0,0,0,0,0,0,0,0,0,0,0,0,0,0,0,0,0,0,0,0,0,0,0,0,0,0
262,262,2021,13,zandvoort,2,3,0,0,0,0,1,0,0,1,0,0,0,0,0,0,0,0,0,0,0,0,8,5,1,0,0,0,0,0,0
263,263,2021,14,monza,5,15,0,0,2,0,0,0,0,0,0,0,0,1,1,0,0,0,0,0,0,0,0,0,0,0,0,0,0,0,0
264,264,2021,15,sochi,1,11,0,1,0,0,0,0,0,0,0,0,0,0,0,0,0,0,0,0,0,0,6,1,0,0,0,0,0,0,0
265,265,2021,16,istanbul,0,9,0,0,0,0,0,0,0,0,0,0,0,0,0,0,0,0,0,0,0,0,9,2,0,0,0,0,0,0,0
266,266,2021,17,americas,3,8,0,0,0,0,0,0,0,0,0,0,0,1,0,0,0,1,0,0,0,0,7,2,0,0,0,0,0,0,0
267,267,2021,18,rodriguez,2,5,0,0,2,0,0,0,0,0,0,0,0,0,0,0,0,0,0,0,0,0,8,4,1,0,0,0,0,0,0
268,268,2021,19,interlagos,2,6,0,0,0,0,0,0,0,0,0,0,0,0,0,0,0,0,0,0,0,0,10,2,0,0,0,0,0,0,0
269,269,2021,20,losail,2,8,0,0,0,0,0,0,0,0,0,0,0,0,0,0,0,0,0,0,1,0,8,2,0,0,0,0,0,0,0
270,270,2021,21,jeddah,5,12,0,1,3,0,0,0,0,0,0,0,0,0,0,0,0,0,0,0,0,0,3,0,0,0,0,0,0,0,0
271,271,2021,22,yas_marina,5,11,0,1,0,1,2,0,0,0,0,0,0,0,1,0,0,0,0,0,0,0,3,0,0,0,0,0,0,0,0
272,272,2022,1,bahrain,1,17,0,0,0,0,0,0,0,0,0,0,0,0,0,0,0,0,0,0,0,0,0,0,0,0,0,0,0,0,0
273,273,2022,2,jeddah,6,12,0,1,0,0,1,0,0,0,0,0,0,0,0,0,0,0,0,0,0,0,1,0,0,0,0,0,0,0,0
274,274,2022,3,albert_park,3,12,0,1,0,0,0,0,0,0,0,1,0,0,0,0,0,0,0,0,0,0,5,0,0,0,0,0,0,0,0
275,275,2022,4,imola,2,9,0,0,1,0,0,0,0,0,0,0,0,0,0,0,0,0,0,0,0,0,9,0,0,0,0,0,0,0,0
276,276,2022,5,miami,3,15,0,0,2,0,0,0,0,0,0,0,0,1,0,0,0,0,0,0,0,0,0,0,0,0,0,0,0,0,0
277,277,2022,6,catalunya,2,8,0,0,0,0,0,0,0,0,0,0,0,0,0,0,0,0,0,0,0,0,7,3,0,0,0,0,0,0,0
278,278,2022,7,monaco,3,14,0,1,0,0,0,0,0,0,0,0,0,0,0,0,0,1,0,0,0,0,3,0,0,0,0,0,0,0,0
279,279,2022,8,baku,4,10,0,0,0,0,0,0,0,2,0,0,0,0,0,0,0,0,0,0,0,0,5,0,0,0,0,0,0,0,0
280,280,2022,9,villeneuve,3,17,0,1,0,1,1,0,0,0,0,0,0,0,0,0,0,0,0,0,0,0,0,0,0,0,0,0,0,0,0
281,281,2022,10,silverstone,6,14,0,0,3,0,1,0,0,0,0,0,0,0,0,0,0,0,0,0,0,0,0,0,0,0,0,0,0,0,0
282,282,2022,11,red_bull_ring,3,5,0,0,0,0,0,0,0,0,0,0,0,0,0,0,0,0,0,0,0,0,12,0,0,0,0,0,0,0,0
283,283,2022,12,ricard,4,15,0,1,0,0,0,0,0,0,0,0,0,0,0,0,0,0,0,0,0,0,0,0,0,0,0,1,0,0,0
284,284,2022,13,hungaroring,0,7,0,0,0,0,0,0,0,0,0,0,0,0,0,0,0,0,0,0,0,0,11,1,0,0,0,0,0,0,0
285,285,2022,14,spa,2,15,0,1,0,0,0,0,0,0,0,0,0,0,0,0,0,0,0,0,0,0,3,0,0,0,0,0,0,0,0
286,286,2022,15,zandvoort,2,17,0,0,0,1,0,0,0,0,0,0,0,0,0,1,0,0,0,0,0,0,1,0,0,0,0,0,0,0,0
287,287,2022,16,monza,4,12,0,0,0,2,0,0,0,0,0,0,0,0,0,0,0,0,0,0,0,0,4,0,0,0,0,0,0,0,0
288,288,2022,17,marina_bay,6,12,0,1,1,2,0,0,0,0,0,0,0,0,0,0,0,0,0,0,0,0,1,1,0,0,0,0,0,0,0
289,289,2022,18,suzuka,2,18,0,1,0,0,0,0,0,1,0,0,0,0,0,0,0,0,0,0,0,0,0,0,0,0,0,0,0,0,0
290,290,2022,19,americas,3,17,0,0,1,0,0,0,0,0,0,1,0,0,0,0,0,0,0,0,0,0,0,0,0,0,0,0,0,0,0
291,291,2022,20,rodriguez,1,6,0,0,0,1,0,0,0,0,0,0,0,0,0,0,0,0,0,0,0,0,11,1,0,0,0,0,0,0,0
292,292,2022,21,interlagos,3,16,0,0,2,0,1,0,0,0,0,0,0,0,0,0,0,0,0,0,0,0,1,0,0,0,0,0,0,0,0
293,293,2022,22,yas_marina,1,11,0,0,0,0,0,0,0,1,0,0,0,0,0,0,0,0,0,0,0,0,6,0,0,0,0,0,0,0,0
294,294,2023,1,bahrain,3,11,0,0,0,1,0,0,0,0,1,0,0,0,0,0,0,1,0,0,0,0,5,1,0,0,0,0,0,0,0
295,295,2023,2,jeddah,2,17,0,0,0,1,0,0,0,0,0,0,0,0,1,0,0,0,0,0,0,0,1,0,0,0,0,0,0,0,0
296,296,2023,3,albert_park,3,12,0,2,5,1,0,0,0,0,0,0,0,0,0,0,0,0,0,0,0,0,0,0,0,0,0,0,0,0,0
297,297,2023,4,baku,2,16,0,1,0,0,0,0,0,0,0,0,0,0,0,0,1,0,0,0,0,0,2,0,0,0,0,0,0,0,0
298,298,2023,5,miami,0,18,0,0,0,0,0,0,0,0,0,0,0,0,0,0,0,0,0,0,0,0,2,0,0,0,0,0,0,0,0
299,299,2023,6,monaco,2,8,0,1,0,0,0,0,0,0,0,0,0,0,0,0,0,0,0,0,0,0,6,4,0,0,0,0,0,0,0
300,300,2023,7,catalunya,0,12,0,0,0,0,0,0,0,0,0,0,0,0,0,0,0,0,0,0,0,0,8,0,0,0,0,0,0,0,0
301,301,2023,8,villeneuve,2,14,0,0,0,1,0,0,0,0,0,0,0,0,1,0,0,0,0,0,0,0,4,0,0,0,0,0,0,0,0
302,302,2023,9,red_bull_ring,1,11,0,0,0,0,0,0,0,0,0,0,0,0,0,0,0,0,0,0,0,0,8,0,0,0,0,0,0,0,0
303,303,2023,10,silverstone,2,17,0,0,0,1,0,0,0,0,0,0,0,0,0,0,0,0,0,0,0,0,0,0,0,0,0,0,0,0,0
304,304,2023,11,hungaroring,3,9,0,0,0,0,0,0,0,0,0,0,0,0,0,0,0,0,0,0,0,0,8,0,0,0,0,0,0,0,0
305,305,2023,12,spa,2,18,0,0,0,0,0,0,0,0,0,0,0,0,0,0,0,0,0,0,0,0,0,0,0,0,0,0,0,0,0
306,306,2023,13,zandvoort,3,17,0,2,0,0,0,0,0,0,0,0,0,0,0,0,0,0,0,0,0,0,0,0,0,0,0,0,0,0,0
307,307,2023,14,monza,2,16,0,0,0,1,0,0,0,0,0,0,0,0,0,0,0,0,0,0,0,0,2,0,0,0,0,0,0,0,0
308,308,2023,15,marina_bay,4,15,0,1,1,0,1,0,0,0,0,0,0,0,0,0,0,0,0,0,0,0,0,0,0,0,0,0,0,0,0
309,309,2023,16,suzuka,5,10,0,0,0,0,0,0,0,0,0,0,0,0,0,0,0,0,0,0,0,0,5,0,0,0,0,0,0,0,0
310,310,2023,17,losail,3,13,0,0,1,0,0,0,0,0,0,0,0,0,0,0,0,0,0,0,0,0,4,0,0,0,0,0,0,0,0
311,311,2023,18,americas,5,12,2,0,0,0,0,0,0,0,0,0,1,0,0,0,0,0,0,0,0,0,3,0,0,0,0,0,0,0,0
312,312,2023,19,rodriguez,3,15,0,1,0,0,0,0,0,0,0,0,0,0,0,0,0,0,0,0,0,0,0,0,0,0,0,0,0,0,0
313,313,2023,20,interlagos,6,9,0,0,2,3,0,0,0,0,0,0,0,0,0,0,1,0,0,0,0,0,4,1,0,0,0,0,0,0,0
314,314,2023,21,vegas,1,17,0,1,0,1,1,0,0,0,0,0,0,0,0,0,0,0,0,0,0,0,0,0,0,0,0,0,0,0,0
315,315,2023,22,yas_marina,0,17,0,0,0,0,0,0,0,0,0,0,0,0,0,0,0,0,0,0,0,0,2,0,0,0,0,0,0,0,0
